{
  "vader_pos": 0.12328820675611496,
  "ticket_age_hours": 0.09088290482759476,
  "customer_tier": 0.08918002247810364,
  "vader_neu": 0.08123211562633514,
  "sim_frustrated_anchor": 0.06440947204828262,
  "interact_age_frustrated_anchor": 0.06145966425538063,
  "frustration_negation_ratio": 0.04467875137925148,
  "category": 0.0439106784760952,
  "flag_count": 0.04255641624331474,
  "question_ratio": 0.03462585434317589,
  "interact_age_frustration": 0.032962724566459656,
  "sim_routine_anchor": 0.029796423390507698,
  "has_long_flag": 0.029741039499640465,
  "has_imperative_flag": 0.02641046606004238,
  "text_length_words": 0.023730235174298286,
  "has_question_flag": 0.02358109876513481,
  "profanity_ratio": 0.022236758843064308,
  "has_knowledge_flag": 0.01880009099841118,
  "interact_repeats_flags": 0.01612330786883831,
  "has_context_flag": 0.01575486734509468,
  "urgency_keyword_ratio": 0.015367632731795311,
  "caps_word_ratio": 0.015127547085285187,
  "time_pressure_ratio": 0.013051237910985947,
  "interact_age_question": 0.011702500283718109,
  "text_length_chars": 0.01022274885326624,
  "source_channel": 0.00878060795366764,
  "repeat_contact_count": 0.006434496026486158,
  "has_polite_flag": 0.003952199127525091,
  "exclamation_ratio": 0.0,
  "has_basic_flag": 0.0
}