{
  "medium": 0.14988632379996542,
  "high": 0.26903669446434897,
  "urgent": 0.33812648746632834
}